Timestamp,Query_ID,Query_Text,ASR_Latency_ms,Intent_Latency_ms,Entity_Latency_ms,SQLite_Latency_ms,Rules_Latency_ms,RAG_Latency_ms,Response_Gen_Latency_ms,TTS_Latency_ms,Total_Pipeline_Latency_ms,Peak_RAM_MB
2026-08-10 11:54:19,PDS-01,Can I use my ration card in Tamil Nadu?,11763.529,0.081,1.38,2.655,0.073,0.0,0.168,1364.62,59.427,44.79
2026-08-10 11:54:19,PDS-02,I am a migrant worker from Bihar. Can I ,99.238,1.514,1.415,2.292,0.043,0.0,0.112,1295.713,66.2,45.23
2026-08-10 11:54:19,PMJAY-01,Am I eligible for Ayushman Bharat PM-JAY,90.582,0.137,0.646,2.211,0.055,0.0,0.107,980.844,42.763,44.45
2026-08-10 11:54:19,PMJAY-02,What documents are required for Ayushman,87.844,0.111,0.361,2.189,0.046,0.0,0.103,943.018,42.629,44.21
2026-08-10 11:54:19,ESHRAM-01,How do I register on eshram?,79.739,0.095,0.556,2.142,0.071,0.0,0.101,936.243,38.888,44.21
2026-08-10 11:54:19,ESHRAM-02,"My contractor is not paying my wages, wh",94.495,0.148,1.009,2.159,0.054,0.0,0.113,1382.817,53.071,45.43
2026-08-10 11:54:19,BOCW-01,Which BOCW board should I register with ,88.214,0.179,0.454,2.111,0.074,0.0,0.119,1513.531,57.578,45.61
2026-08-10 11:54:19,BOCW-02,What benefits does BOCW registration giv,108.818,1.373,0.415,2.363,0.068,0.0,0.11,1176.442,51.108,44.65
2026-08-10 11:54:19,GEN-01,What is the helpline number for One Nati,89.464,0.066,0.288,2.121,0.044,0.0,0.105,1219.354,42.109,44.65
